city_key,city_name,country_code,country_name,continent,rank,congestion_level_pct,congestion_level_delta_pct_pts,travel_time_per_10km_min,delay_time_per_10km_min,time_lost_per_year_rush_hours,highway_km_ratio,population
mexico-city,Mexico City,MX,Mexico,north_america,1,75.9,-3.6,17.4,4.35,144,0.2122,22749315
bengaluru,Bengaluru,IN,India,asia,2,74.4,1.7,16.6,4.15,132,0,12465000
dublin,Dublin,IE,Ireland,europe,3,72.9,1.7,17.4,4.35,150,0.0022,1263219
lodz,Lodz,PL,Poland,europe,4,72.8,1.1,22.5,5.625,106,0,642590
pune,Pune,IN,India,asia,5,71.1,5.4,18,4.5,119,0,4569000
lublin,Lublin,PL,Poland,europe,6,70.4,3.4,27,6.75,92,0,327384
bogota,Bogota,CO,Colombia,south_america,7,69.6,7.7,18.9,4.725,120,0,10000000
arequipa,Arequipa,PE,Peru,south_america,8,69.5,1.9,18,4.5,121,0.0187,1008290
lima,Lima,PE,Peru,south_america,9,69.3,0.8,17.2,4.3,153,0.2578,1295925
bangkok,Bangkok,TH,Thailand,asia,10,67.9,1.3,26.1,6.525,90,0.2504,5427979
medellin,Medellin,CO,Colombia,south_america,11,66.9,3.4,20.7,5.175,120,0,2630000
davao-city,Davao City,PH,Philippines,asia,12,66.2,0.3,17.5,4.375,132,0,2123
cali,Cali,CO,Colombia,south_america,13,65.6,-0.9,20.6,5.15,108,0,2392877
poznan,Poznan,PL,Poland,europe,14,64.9,3.6,21.4,5.35,109,0,534913
recife,Recife,BR,Brazil,south_america,15,64.7,3.8,22.7,5.675,102,0,1488920
bandung,Bandung,ID,Indonesia,asia,16,64.1,0.9,18.5,4.625,101,0,2528163
guadalajara,Guadalajara,MX,Mexico,north_america,17,63.3,2.9,21.2,5.3,99,0.1752,5579000
mumbai,Mumbai,IN,India,asia,18,63.2,-3.3,20.8,5.2,99,0.2731,18203000
barranquilla,Barranquilla,CO,Colombia,south_america,19,62.8,1.7,16.4,4.1,127,0,1342818
bucharest,Bucharest,RO,Romania,europe,20,62.5,0.3,18.5,4.625,134,0,1877155
istanbul,Istanbul,TR,TÃ¼rkiye,europe,21,62,2.6,26.2,6.55,88,0.0169,15701235
budapest,Budapest,HU,Hungary,europe,22,61.9,1.1,21.1,5.275,103,0,1741041
new-delhi,New Delhi,IN,India,asia,23,60.2,3.5,25,6.25,82,0.053,16143000
jakarta,Jakarta,ID,Indonesia,asia,24,59.8,1.1,22.8,5.7,98,0.2073,10672100
los-angeles-ca,"Los Angeles, CA",US,United States of America,north_america,25,59.8,1.7,38.7,9.675,65,0.6324,3898747
porto-alegre,Porto Alegre,BR,Brazil,south_america,26,59.6,0.1,22.3,5.575,98,0,1332845
wroclaw,Wroclaw,PL,Poland,europe,27,59.2,1.7,20,5,108,0,672545
bydgoszcz,Bydgoszcz,PL,Poland,europe,28,59,5.1,25.2,6.3,86,0,322464
kolkata,Kolkata,IN,India,asia,29,58.9,0.3,17,4.25,118,0.0834,6577000
jaipur,Jaipur,IN,India,asia,30,58.7,0.4,20.5,5.125,95,0,4455000
krakow,Krakow,PL,Poland,europe,31,58.7,3,24.5,6.125,90,0,810590
chennai,Chennai,IN,India,asia,32,58.6,0.1,19.2,4.8,104,0,12658000
belo-horizonte,Belo Horizonte,BR,Brazil,south_america,33,58.6,0.6,21.3,5.325,102,0,2315560
sao-paulo,Sao Paulo,BR,Brazil,south_america,34,58.5,0.9,21.7,5.425,104,0.1163,11451999
belfast,Belfast,UK,United Kingdom,europe,35,58.4,1,28,7,80,0.1977,293298
edinburgh,Edinburgh,UK,United Kingdom,europe,36,57.9,0.7,18.7,4.675,100,0,512700
rio-de-janeiro,Rio de Janeiro,BR,Brazil,south_america,37,57.8,2.7,27.9,6.975,72,0.1419,6211223
cartagena-co,Cartagena,CO,Colombia,south_america,38,57.7,-4,19.3,4.825,104,0,1070000
salzburg,Salzburg,AT,Austria,europe,39,57.6,0.6,22,5.5,84,0,157659
manila,Manila,PH,Philippines,asia,40,57,0.8,18.9,4.725,112,0.1815,1600000
fortaleza,Fortaleza,BR,Brazil,south_america,41,56.9,-0.2,20.7,5.175,95,0,2428708
cork,Cork,IE,Ireland,europe,42,56.9,4.7,25.9,6.475,84,0,222526
kumamoto,Kumamoto,JP,Japan,asia,43,56.7,-1.4,18.2,4.55,121,0,738907
george-town,George Town,MY,Malaysia,asia,44,56.7,-0.5,22.5,5.625,79,0,158336
vancouver,Vancouver,CA,Canada,north_america,45,56.5,0.8,21,5.25,88,0,3000000
ankara,Ankara,TR,TÃ¼rkiye,europe,46,55.8,1.6,28.5,7.125,88,0,5864000
hyderabad,Hyderabad,IN,India,asia,47,55.5,-1.3,18.4,4.6,97,0.006,9847000
hat-yai,Hat Yai,TH,Thailand,asia,48,55.2,-0.6,23.8,5.95,74,0,139076
plovdiv,Plovdiv,BG,Bulgaria,europe,49,55.1,-3.7,21.9,5.475,93,0,346893
adelaide,Adelaide,AU,Australia,oceania,50,55.1,4.2,25.5,6.375,86,0.0047,1469200
athens,Athens,GR,Greece,europe,51,54.7,1.1,19,4.75,112,0,3242000
ernakulam,Ernakulam,IN,India,asia,52,54.5,0.5,20.1,5.025,93,0,3282388
nicosia,Nicosia,CY,Cyprus,europe,53,54.3,1.5,21.8,5.45,93,0,116392
medan,Medan,ID,Indonesia,asia,54,54.2,-2.3,18.8,4.7,104,0,2498293
cambridge,Cambridge,UK,United Kingdom,europe,55,54.1,1.6,22.6,5.65,96,0,152740
izmir,Izmir,TR,TÃ¼rkiye,europe,56,54.1,2.1,26.1,6.525,88,0,4493242
curitiba,Curitiba,BR,Brazil,south_america,57,54,3.9,20.7,5.175,106,0,1773718
fukuoka,Fukuoka,JP,Japan,asia,58,53.7,-1.1,18.5,4.625,105,0.1963,1603543
exeter,Exeter,UK,United Kingdom,europe,59,53.7,-1,26.4,6.6,75,0.1321,126175
hiroshima,Hiroshima,JP,Japan,asia,60,53.5,-2,18.6,4.65,101,0.0921,1199391
prague,Prague,CZ,Czechia,europe,61,53.5,0.7,24.4,6.1,83,0,1397880
geneva,Geneva,CH,Switzerland,europe,62,53.3,1,19.1,4.775,111,0.0259,531102
antalya,Antalya,TR,TÃ¼rkiye,europe,63,53,3.1,24.1,6.025,85,0,2707103
melbourne,Melbourne,AU,Australia,oceania,64,52.9,1.3,26.3,6.575,81,0.2713,5350700
kyoto,Kyoto,JP,Japan,asia,65,52.7,8.9,17.5,4.375,91,0,1463723
palembang,Palembang,ID,Indonesia,asia,66,52.7,-0.8,21.2,5.3,88,0,1801367
port-louis,Port Louis,MU,Mauritius,africa,67,52.6,-1.9,39.8,9.95,59,0,155226
brighton,Brighton and Hove,UK,United Kingdom,europe,68,52.5,2.3,23.7,5.925,78,0,277105
santiago,Santiago,CL,Chile,south_america,69,52.4,2.7,25.1,6.275,98,0.3511,7400741
norwich,Norwich,UK,United Kingdom,europe,70,52.4,3.1,26.4,6.6,79,0,200770
limerick,Limerick,IE,Ireland,europe,71,52.3,1.1,32.5,8.125,58,0.233,102287
hull,Kingston upon Hull,UK,United Kingdom,europe,72,52,1.9,26.8,6.7,82,0,270810
helsinki,Helsinki,FI,Finland,europe,73,51.9,1.6,20.7,5.175,88,0.0807,684018
taipei,Taipei City,TW,Taiwan,asia,74,51.8,0.3,20.5,5.125,96,0.0087,2441713
london,London,UK,United Kingdom,europe,75,51.6,1,16.5,4.125,111,0,8799800
bristol,Bristol,UK,United Kingdom,europe,76,51.3,3,22.5,5.625,93,0.0796,425215
warsaw,Warsaw,PL,Poland,europe,77,51.3,4.7,24.6,6.15,89,0,1864035
palermo,Palermo,IT,Italy,europe,78,51.3,1.5,27.1,6.775,77,0.0255,624826
brno,Brno,CZ,Czechia,europe,79,51,-7.4,28.2,7.05,68,0.0262,402739
vilnius,Vilnius,LT,Lithuania,europe,80,50.8,-1.2,24.5,6.125,95,0,607667
the-hague,The Hague,NL,The Netherlands,europe,81,50.5,5,25.4,6.35,75,0.121,568945
valletta,Valletta,MT,Malta,europe,82,50.5,1.9,26.6,6.65,74,0,5421
honolulu-hi,"Honolulu, HI",US,United States of America,north_america,83,50.5,1.4,28.6,7.15,69,0.4063,350964
graz,Graz,AT,Austria,europe,84,50.4,-0.2,22.1,5.525,82,0,305314
naha,Naha,JP,Japan,asia,85,50.2,-1.4,21.1,5.275,97,0.1286,317405
southampton,Southampton,UK,United Kingdom,europe,86,50.2,-1,24.8,6.2,69,0.1166,249620
gdansk,Gdansk,PL,Poland,europe,87,50.1,1.4,25.6,6.4,85,0,489160
sharjah,Sharjah,AE,United Arab Emirates,asia,88,50.1,2.4,30.5,7.625,62,0.2928,1274749
san-francisco-ca,"San Francisco, CA",US,United States of America,north_america,89,49.7,2.2,20.2,5.05,91,0.3028,873965
nuremberg,Nuremberg,DE,Germany,europe,90,49.7,0.9,23.5,5.875,78,0,546397
sendai,Sendai,JP,Japan,asia,91,49.6,-0.3,19.1,4.775,95,0.0733,1096704
leicester,Leicester,UK,United Kingdom,europe,92,49.6,0.9,21.2,5.3,93,0,406580
nairobi,Nairobi,KE,Kenya,africa,93,49.6,1.2,22.4,5.6,86,0.0503,4397073
szczecin,Szczecin,PL,Poland,europe,94,49.5,5.5,26,6.5,78,0,385158
antwerp,Antwerp,BE,Belgium,europe,95,49.5,1,28.6,7.15,72,0.5224,562002
milan,Milan,IT,Italy,europe,96,49.4,-0.5,19,4.75,107,0.0236,1366432
hamburg,Hamburg,DE,Germany,europe,97,49.3,2.2,23,5.75,77,0.0388,1862565
ha-noi,Ha Noi,VN,Vietnam,asia,98,49.2,2.8,18,4.5,116,0,246165
reading,Reading,UK,United Kingdom,europe,99,49.1,-1,24.5,6.125,82,0,203795
ahmedabad,Ahmedabad,IN,India,asia,100,49,-3.8,20.7,5.175,83,0,9306000
zurich,Zurich,CH,Switzerland,europe,101,48.9,0,22.4,5.6,91,0.0935,450325
new-york-ny,"New York, NY",US,United States of America,north_america,102,48.8,0,19,4.75,98,0.3411,8804190
chiang-mai,Chiang Mai,TH,Thailand,asia,103,48.7,-2.3,24.8,6.2,70,0,112096
vienna,Vienna,AT,Austria,europe,104,48.6,-0.5,19.6,4.9,93,0,2028289
taoyuan-city,Taoyuan City,TW,Taiwan,asia,105,48.6,-0.8,27.2,6.8,75,0.3802,2353609
gold-coast,Gold Coast,AU,Australia,oceania,106,48.6,0.3,28.5,7.125,56,0,750997
ipswich,Ipswich,UK,United Kingdom,europe,107,48.5,4.1,29.4,7.35,69,0,151565
buenos-aires,Gran Buenos Aires,AR,Argentina,south_america,108,48.1,2.5,19,4.75,99,0.1243,13998784
manchester,Manchester,UK,United Kingdom,europe,109,48.1,1.6,20.8,5.2,99,0.0899,470405
adana,Adana,TR,TÃ¼rkiye,europe,110,48.1,4.7,28.4,7.1,60,0.2665,2280484
monterrey,Monterrey,MX,Mexico,north_america,111,48,0.9,32.5,8.125,70,0,5273360
kota-bharu,Kota Bharu,MY,Malaysia,asia,112,47.9,0.4,25.8,6.45,66,0,568900
toronto,Toronto,CA,Canada,north_america,113,47.7,-1.8,22.5,5.625,79,0.2847,5213000
hong-kong,Hong Kong,HK,Hong Kong,asia,114,47.7,3.2,24.3,6.075,78,0.2081,7491609
salvador,Salvador,BR,Brazil,south_america,115,47.6,1,30.2,7.55,64,0.0602,2417678
leipzig,Leipzig,DE,Germany,europe,116,47.5,9,22.4,5.6,79,0,631736
birmingham,Birmingham,UK,United Kingdom,europe,117,47.4,2.4,27.9,6.975,76,0.1957,1121375
tijuana,Tijuana,MX,Mexico,north_america,118,47.4,2.2,29.3,7.325,57,0.1474,2151740
lyon,Lyon,FR,France,europe,119,47.2,0.7,21.8,5.45,95,0,1423000
swansea,Swansea,UK,United Kingdom,europe,120,47.2,3.7,25.7,6.425,67,0,170085
hsinchu,Hsinchu County,TW,Taiwan,asia,121,47.2,0.2,29,7.25,70,0.3447,597144
catania,Catania,IT,Italy,europe,122,47.1,-4,24.5,6.125,81,0.0226,297050
gaborone,Gaborone,BW,Botswana,africa,123,47.1,-1.6,28.9,7.225,72,0,246325
trujillo,Trujillo,PE,Peru,south_america,124,47,-1.7,17.7,4.425,102,0,904000
sofia,Sofia,BG,Bulgaria,europe,125,47,-0.5,22.2,5.55,89,0,1152556
ho-chi-minh,Ho Chi Minh,VN,Vietnam,asia,126,46.9,2.1,18.8,4.7,100,0,281334
aberdeen,Aberdeen,UK,United Kingdom,europe,127,46.9,2.6,26.4,6.6,65,0,224000
porto,Porto,PT,Portugal,europe,128,46.9,3.1,29.4,7.35,80,0.4417,248769
bursa,Bursa,TR,TÃ¼rkiye,europe,129,46.9,1.1,30.5,7.625,64,0,3238618
miami-fl,"Miami, FL",US,United States of America,north_america,130,46.8,0.5,33.8,8.45,57,0.4336,442241
oxford,Oxford,UK,United Kingdom,europe,131,46.7,-2.2,30.1,7.525,65,0,170805
sheffield,Sheffield,UK,United Kingdom,europe,132,46.5,1.2,25.1,6.275,78,0,500535
kaunas,Kaunas,LT,Lithuania,europe,133,46.3,1.7,28.2,7.05,67,0,304114
kosice,Kosice,SK,Slovakia,europe,134,46.3,0.7,34.4,8.6,54,0,223678
brussels,Brussels,BE,Belgium,europe,135,46.2,1.3,18.3,4.575,115,0,1255795
chicago-il,"Chicago, IL",US,United States of America,north_america,136,46.1,0.9,31.6,7.9,62,0.5169,2740000
hanover,Hanover,DE,Germany,europe,137,46,1.6,24.4,6.1,71,0,538777
liverpool,Liverpool,UK,United Kingdom,europe,138,45.8,2,21.8,5.45,78,0,506565
amsterdam,Amsterdam,NL,The Netherlands,europe,139,45.7,0.2,22.7,5.675,76,0.1342,934526
tallinn,Tallinn,EE,Estonia,europe,140,45.7,-1.6,27.2,6.8,68,0,456518
christchurch,Christchurch,NZ,New Zealand,oceania,141,45.6,2.5,28,7,70,0.101,363926
taichung,Taichung City,TW,Taiwan,asia,142,45.4,0.4,21.8,5.45,76,0.0786,2867836
rome,Rome,IT,Italy,europe,143,45.2,-2.7,19.5,4.875,90,0.0106,2747075
kassel,Kassel,DE,Germany,europe,144,45.2,1.5,25.2,6.3,66,0,197230
aarhus,Aarhus,DK,Denmark,europe,145,45.2,4.9,25.5,6.375,68,0,350000
florence,Florence,IT,Italy,europe,146,45,0.3,21.3,5.325,89,0,362639
halifax,Halifax,CA,Canada,north_america,147,45,-0.4,23.1,5.775,87,0.0452,439819
glasgow,Glasgow,UK,United Kingdom,europe,148,45,3,29.9,7.475,68,0.4848,620700
riga,Riga,LV,Latvia,europe,149,44.9,2.3,24.9,6.225,87,0,601157
basel,Basel,CH,Switzerland,europe,150,44.9,3.1,27,6.75,65,0.2801,201384
seattle-wa,"Seattle, WA",US,United States of America,north_america,151,44.9,2.5,35.1,8.775,54,0.5319,737015
cardiff,Cardiff,UK,United Kingdom,europe,152,44.8,1.3,25.9,6.475,64,0,348535
khon-kaen,Khon Kaen,TH,Thailand,asia,153,44.8,0.8,26,6.5,64,0,98715
dresden,Dresden,DE,Germany,europe,154,44.7,9.8,24.5,6.125,68,0.0006,573648
berlin,Berlin,DE,Germany,europe,155,44.6,7.7,20.7,5.175,79,0,3902645
naples,Naples,IT,Italy,europe,156,44.5,-0.6,28.1,7.025,71,0.3701,905661
bialystok,Bialystok,PL,Poland,europe,157,44.4,1.7,30.4,7.6,57,0,289685
atlanta-ga,"Atlanta, GA",US,United States of America,north_america,158,44.3,3.9,44.9,11.225,48,0.6472,498715
bremen,Bremen,DE,Germany,europe,159,44.2,6.1,27.4,6.85,63,0.0641,586271
tokyo,Tokyo,JP,Japan,asia,160,44.1,7.3,21.8,5.45,79,0.3135,8336599
plymouth,Plymouth,UK,United Kingdom,europe,161,44,1.7,26.7,6.675,66,0,266955
singapore,Singapore,SG,Singapore,asia,162,43.9,2.4,28.1,7.025,64,0.4141,6111200
eindhoven,Eindhoven,NL,The Netherlands,europe,163,43.9,0.7,31.8,7.95,57,0.1053,250000
surabaya,Surabaya,ID,Indonesia,asia,164,43.7,0.7,21.5,5.375,74,0,3018022
munich,Munich,DE,Germany,europe,165,43.7,0.6,23.1,5.775,77,0.0113,1607285
sydney,Sydney,AU,Australia,oceania,166,43.7,1.1,25,6.25,73,0.2313,5557200
riyadh,Riyadh,SA,Saudi Arabia,asia,167,43.7,-2.2,35.7,8.925,52,0.3429,4205961
nagoya,Nagoya,JP,Japan,asia,168,43.6,7.3,22.6,5.65,67,0.2183,2191279
bradford,Bradford,UK,United Kingdom,europe,169,43.6,-1,24.5,6.125,77,0.0168,333950
bordeaux,Bordeaux,FR,France,europe,170,43.5,0.8,23.7,5.925,78,0.212,803000
preston,Preston,UK,United Kingdom,europe,171,43.4,0.6,25.6,6.4,67,0,94490
kuala-lumpur,Kuala Lumpur,MY,Malaysia,asia,172,43.4,0.9,33.5,8.375,66,0.2413,1453975
tainan,Tainan City,TW,Taiwan,asia,173,43.2,-1.2,17.7,4.425,82,0,1854000
burgas,Burgas,BG,Bulgaria,europe,174,43.2,-0.6,30,7.5,53,0,195966
nottingham,Nottingham,UK,United Kingdom,europe,175,43.1,-0.3,22.9,5.725,77,0,299790
trieste,Trieste,IT,Italy,europe,176,43.1,-1.7,25.6,6.4,56,0.0113,198738
osaka,Osaka,JP,Japan,asia,177,42.9,6.1,26.3,6.575,59,0.3482,2753862
lugano,Lugano,CH,Switzerland,europe,178,42.9,0.5,32.7,8.175,64,0.2805,63629
bratislava,Bratislava,SK,Slovakia,europe,179,42.9,1.7,35.2,8.8,56,0.2509,478040
stockholm,Stockholm,SE,Sweden,europe,180,42.8,4.4,28.8,7.2,72,0.3419,1600000
apeldoorn,Apeldoorn,NL,The Netherlands,europe,181,42.8,2.5,32.8,8.2,47,0.1914,142365
rosario,Gran Rosario,AR,Argentina,south_america,182,42.7,2.5,20.4,5.1,74,0,1405111
varna,Varna,BG,Bulgaria,europe,183,42.7,0.4,25.8,6.45,73,0.0272,312770
dubai,Dubai,AE,United Arab Emirates,asia,184,42.7,2.7,31.3,7.825,57,0.2511,3759864
rotterdam,Rotterdam,NL,The Netherlands,europe,185,42.6,1.8,31.1,7.775,55,0.415,608495
leon,Leon,MX,Mexico,north_america,186,42.5,0.6,22.6,5.65,67,0,1269179
sapporo,Sapporo,JP,Japan,asia,187,42.4,1.1,19.7,4.925,77,0,1973832
seberang-perai,Seberang Perai,MY,Malaysia,asia,188,42.4,1.5,41.1,10.275,45,0.6139,107591
frankfurt-am-main,Frankfurt am Main,DE,Germany,europe,189,42.3,-1.4,20.3,5.075,84,0.0008,778589
reykjavik,ReykjavÃ­k,IS,Iceland,europe,190,42.2,1.9,27.5,6.875,72,0,138772
haarlem,Haarlem,NL,The Netherlands,europe,191,42.2,0.3,30.8,7.7,50,0,168743
auckland,Auckland,NZ,New Zealand,oceania,192,42.2,0.3,31.1,7.775,67,0.467,1377200
cape-town,Cape Town,ZA,South Africa,africa,193,42.1,-1.2,24.1,6.025,61,0.2278,4710000
boston-ma,"Boston, MA",US,United States of America,north_america,194,42.1,-2.9,28.6,7.15,68,0.3712,675647
essen,Essen,DE,Germany,europe,195,41.9,-0.6,31.9,7.975,55,0.4176,574387
wellington,Wellington,NZ,New Zealand,oceania,196,41.8,0.7,27.1,6.775,66,0.1957,440900
ecatepec,Ecatepec,MX,Mexico,north_america,197,41.8,-1.1,30,7.5,46,0.3775,1645352
bari,Bari,IT,Italy,europe,198,41.7,0.2,29.7,7.425,60,0,315937
portsmouth,Portsmouth,UK,United Kingdom,europe,199,41.7,-0.6,35.6,8.9,46,0.2149,223305
valencia,Valencia,ES,Spain,europe,200,41.6,1.4,20.9,5.225,75,0.013,825948
tampa-fl,"Tampa, FL",US,United States of America,north_america,201,41.5,1.5,47.9,11.975,45,0.6465,384959
thessaloniki,Thessaloniki,GR,Greece,europe,202,41.4,-2,24.6,6.15,68,0,807000
nakhon-ratchasima,Nakhon Ratchasima,TH,Thailand,asia,203,41.4,-1.1,27.5,6.875,63,0,111121
montpellier,Montpellier,FR,France,europe,204,41.4,0.9,30.1,7.525,67,0.2201,248252
montreal,Montreal,CA,Canada,north_america,205,41.3,0.7,25.5,6.375,70,0.2624,3678000
newcastle,Newcastle,AU,Australia,oceania,206,41.3,1.1,29.6,7.4,53,0,176860
luxembourg,Luxembourg,LU,Luxembourg,europe,207,41.3,3.1,31.8,7.95,59,0.2708,136000
quebec,Quebec,CA,Canada,north_america,208,41.3,1.6,33,8.25,54,0.475,9038268
barcelona,Barcelona,ES,Spain,europe,209,41.1,0.7,18.4,4.6,86,0,1702547
alexandria,Alexandria,EG,Egypt,africa,210,41.1,1.9,22.5,5.625,62,0.0684,5220998
puebla,Puebla,MX,Mexico,north_america,211,41,-2.4,19.2,4.8,74,0,3443290
dundee,Dundee,UK,United Kingdom,europe,212,40.9,1,32.1,8.025,46,0,148100
winnipeg,Winnipeg,CA,Canada,north_america,213,40.8,0.3,25,6.25,74,0,749607
odense,Odense,DK,Denmark,europe,214,40.8,4.1,26.1,6.525,59,0,210803
cologne,Cologne,DE,Germany,europe,215,40.8,2.5,26.7,6.675,62,0.0301,1097078
houston-tx,"Houston, TX",US,United States of America,north_america,216,40.8,2,46.5,11.625,44,0.5859,2304419
lausanne,Lausanne,CH,Switzerland,europe,217,40.7,-1.3,27,6.75,68,0.2965,144809
san-jose-ca,"San Jose, CA",US,United States of America,north_america,218,40.7,2.6,48.2,12.05,41,0.6131,1013240
ottawa,Ottawa,CA,Canada,north_america,219,40.6,2.4,34.4,8.6,56,0.4614,1097760
dallas-tx,"Dallas, TX",US,United States of America,north_america,220,40.6,1.1,44.6,11.15,44,0.5833,1300092
cairo,Cairo,EG,Egypt,africa,221,40.5,2.5,26.8,6.7,58,0.2877,9968378
brisbane,Brisbane,AU,Australia,oceania,222,40.5,-1,30.5,7.625,61,0.3087,2780100
oxnard-ca,"Oxnard, CA",US,United States of America,north_america,223,40.5,1.2,38,9.5,37,0.3433,202063
austin-tx,"Austin, TX",US,United States of America,north_america,224,40.5,1.4,40.5,10.125,47,0.4716,961855
aachen,Aachen,DE,Germany,europe,225,40.4,-0.7,31.4,7.85,48,0.2807,261267
ljubljana,Ljubljana,SI,Slovenia,europe,226,40.4,-0.9,33.8,8.45,53,0.3177,290903
new-taipei,New Taipei City,TW,Taiwan,asia,227,40.3,-0.1,24.9,6.225,66,0.0436,4045656
turku,Turku,FI,Finland,europe,228,40.3,0.2,26.2,6.55,55,0.004,206073
copenhagen,Copenhagen,DK,Denmark,europe,229,40.2,2,21.8,5.45,81,0.0153,667099
verona,Verona,IT,Italy,europe,230,40.2,0.7,30,7.5,57,0.1576,255057
paris,Paris,FR,France,europe,231,40,-4,20,5,86,0.0287,9904000
wiesbaden,Wiesbaden,DE,Germany,europe,232,40,0.1,29.2,7.3,56,0.2634,300089
pretoria,Pretoria,ZA,South Africa,africa,233,39.9,0.7,25.7,6.425,63,0.0242,1619438
bologna,Bologna,IT,Italy,europe,234,39.9,-0.3,32.5,8.125,58,0.4891,391443
utrecht,Utrecht,NL,The Netherlands,europe,235,39.8,0.8,37.1,9.275,46,0.5007,325510
messina,Messina,IT,Italy,europe,236,39.7,0.4,27.7,6.925,55,0.2512,216567
kobe,Kobe,JP,Japan,asia,237,39.7,6,30.2,7.55,48,0.3779,1522188
munster,Munster,DE,Germany,europe,238,39.6,1.3,26.3,6.575,56,0,323111
johor-bahru,Johor Bahru,MY,Malaysia,asia,239,39.5,2.6,29,7.25,51,0.2106,858118
bielsko-biala,Bielsko-Biala,PL,Poland,europe,240,39.5,0.6,32.9,8.225,50,0.173,163605
kaohsiung-city,Kaohsiung City,TW,Taiwan,asia,241,39.4,0,19.4,4.85,71,0.0725,2720451
marseille,Marseille,FR,France,europe,242,39.4,0,32.5,8.125,58,0.4404,870731
mersin,Mersin,TR,TÃ¼rkiye,europe,243,39.2,0.6,25.7,6.425,57,0,1954279
riverside-ca,"Riverside, CA",US,United States of America,north_america,244,39.2,5.2,59.4,14.85,31,0.7247,314998
bielefeld,Bielefeld,DE,Germany,europe,245,39.1,-0.2,26.6,6.65,56,0,344009
doha,Doha,QA,Qatar,asia,246,39.1,2.3,29.1,7.275,47,0.167,956457
bournemouth,Bournemouth,UK,United Kingdom,europe,247,39.1,-0.2,30.7,7.675,51,0,196455
lisbon,Lisboa,PT,Portugal,europe,248,39,0.1,24.6,6.15,75,0.0659,567131
durban,Durban,ZA,South Africa,africa,249,39,-0.5,30.2,7.55,47,0.3083,536644
clermont-ferrand,Clermont-Ferrand,FR,France,europe,250,38.9,0.2,33.3,8.325,52,0.3158,147865
baton-rouge-la,"Baton Rouge, LA",US,United States of America,north_america,251,38.5,-0.1,47.9,11.975,37,0.5568,227470
aalborg,Aalborg,DK,Denmark,europe,252,38.3,1.7,26.2,6.55,60,0.0237,143598
nijmegen,Nijmegen,NL,The Netherlands,europe,253,38.2,-0.5,28.4,7.1,52,0,162625
dunedin,Dunedin,NZ,New Zealand,oceania,254,38.2,0.5,28.5,7.125,49,0,133300
hobart,Hobart,AU,Australia,oceania,255,38.2,3.5,33.4,8.35,53,0.13,253900
nashville-tn,"Nashville, TN",US,United States of America,north_america,256,38.1,1.9,39.2,9.8,45,0.5131,689447
madrid,Madrid,ES,Spain,europe,257,38,3.6,20,5,77,0.1174,3416771
cordoba-ar,Cordoba Capital,AR,Argentina,south_america,258,38,3.2,20.8,5.2,66,0,1498060
giza,Giza,EG,Egypt,africa,259,38,2.1,27.6,6.9,53,0.3327,5823532
johannesburg,Johannesburg,ZA,South Africa,africa,260,38,1,30.4,7.6,51,0.3224,957441
ghent,Ghent,BE,Belgium,europe,261,37.9,0.2,26.2,6.55,64,0.1946,272000
namur,Namur,BE,Belgium,europe,262,37.9,1.2,30.8,7.7,56,0.0406,115000
montevideo,Montevideo,UY,Uruguay,south_america,263,37.8,0.7,21.3,5.325,66,0,1302584
genoa,Genoa,IT,Italy,europe,264,37.8,-0.6,27.6,6.9,59,0.1927,565064
augsburg,Augsburg,DE,Germany,europe,265,37.7,0.2,29,7.25,50,0,308040
baltimore-md,"Baltimore, MD",US,United States of America,north_america,266,37.7,9.5,30.1,7.525,56,0.39,585708
turin,Turin,IT,Italy,europe,267,37.6,-0.9,18.7,4.675,87,0,857670
london-ontario,London,CA,Canada,north_america,268,37.6,-5,28.8,7.2,57,0,346765
denver-co,"Denver, CO",US,United States of America,north_america,269,37.6,1.5,44.7,11.175,40,0.5524,715522
philadelphia-pa,"Philadelphia, PA",US,United States of America,north_america,270,37.5,2,27.8,6.95,57,0.3982,1603797
konya,Konya,TR,TÃ¼rkiye,europe,271,37.4,1.3,29.8,7.45,52,0,2330000
katowice,Katowice,PL,Poland,europe,272,37.4,4.5,41,10.25,44,0.2555,277884
washington-dc,"Washington, DC",US,United States of America,north_america,273,37.3,6.6,30.8,7.7,57,0.4177,689545
pittsburgh-pa,"Pittsburgh, PA",US,United States of America,north_america,274,37.3,1.3,36.9,9.225,48,0.4547,302971
rouen,Rouen,FR,France,europe,275,37.1,-0.3,27.2,6.8,67,0.0182,111000
palma-de-mallorca,Palma de Mallorca,ES,Spain,europe,276,37.1,1.5,31.3,7.825,50,0.4714,431521
manama,Manama,BH,Bahrain,asia,277,37.1,2.2,33.6,8.4,40,0.2875,743066
breda,Breda,NL,The Netherlands,europe,278,37.1,1.3,37.2,9.3,41,0.1531,153845
inverness,Inverness,UK,United Kingdom,europe,279,37,-0.7,32.8,8.2,41,0,82383
arnhem,Arnhem,NL,The Netherlands,europe,280,37,-0.8,38.4,9.6,41,0.2926,169364
cape-coral-fl,"Cape Coral, FL",US,United States of America,north_america,281,37,-1.6,42.8,10.7,33,0,194016
portland-or,"Portland, OR",US,United States of America,north_america,282,37,1,44.6,11.15,40,0.5885,652503
dusseldorf,Dusseldorf,DE,Germany,europe,283,36.9,-0.4,26.2,6.55,57,0.0009,618717
nancy,Nancy,FR,France,europe,284,36.6,0.8,19.2,4.8,91,0,268976
gaziantep,Gaziantep,TR,TÃ¼rkiye,europe,285,36.6,-0.2,24.2,6.05,57,0,2193063
columbia-sc,"Columbia, SC",US,United States of America,north_america,286,36.6,-0.6,29.5,7.375,46,0.0469,136632
strasbourg,Strasbourg,FR,France,europe,287,36.6,2.3,29.8,7.45,54,0,274845
nantes,Nantes,FR,France,europe,288,36.6,1,31.7,7.925,60,0.1251,318808
le-mans,Le Mans,FR,France,europe,289,36.6,2.4,32.6,8.15,49,0,144515
klaipeda,Klaipeda,LT,Lithuania,europe,290,36.5,0.9,29.5,7.375,54,0,160979
freiburg,Freiburg,DE,Germany,europe,291,36.4,0.2,28.8,7.2,48,0,237460
grenoble,Grenoble,FR,France,europe,292,36.4,-0.7,29.6,7.4,64,0.4754,388574
innsbruck,Innsbruck,AT,Austria,europe,293,36.4,5.9,38.8,9.7,35,0.4922,132499
bonn,Bonn,DE,Germany,europe,294,36.3,0.2,36.3,9.075,44,0.4655,340226
prato,Prato,IT,Italy,europe,295,36.3,0,39.1,9.775,48,0.2824,198709
reggio-calabria,Reggio di Calabria,IT,Italy,europe,296,36.2,-0.7,34.1,8.525,44,0.4099,168127
providence-ri,"Providence, RI",US,United States of America,north_america,297,36.2,-1.7,38.4,9.6,47,0.5451,190934
brest,Brest,FR,France,europe,298,36.1,-0.6,26.9,6.725,61,0,144899
yokohama,Yokohama,JP,Japan,asia,299,36,5,31.5,7.875,43,0.3987,3761630
worcester-ma,"Worcester, MA",US,United States of America,north_america,300,36,0.4,39.1,9.775,39,0.4971,206518
fort-myers-fl,"Fort Myers, FL",US,United States of America,north_america,301,36,-4.3,48.3,12.075,31,0.2624,86395
keelung-city,Keelung City,TW,Taiwan,asia,302,35.9,1.1,27.1,6.775,49,0.168,360264
perth,Perth,AU,Australia,oceania,303,35.9,0.3,36.5,9.125,49,0.382,2384400
greenville-sc,"Greenville, SC",US,United States of America,north_america,304,35.9,0.6,39.3,9.825,35,0.2902,70720
stoke-on-trent,Stoke-on-Trent,UK,United Kingdom,europe,305,35.8,0.1,34.9,8.725,50,0,260560
mannheim,Mannheim,DE,Germany,europe,306,35.7,0.4,28.2,7.05,50,0.0195,328647
ostrava,Ostrava,CZ,Czechia,europe,307,35.7,5.3,39,9.75,40,0.103,316155
bayonne,Bayonne,FR,France,europe,308,35.7,1.1,42.2,10.55,43,0.4237,44396
long-beach-ca,"Long Beach, CA",US,United States of America,north_america,309,35.6,1,54.5,13.625,31,0.6512,451307
ravenna,Ravenna,IT,Italy,europe,310,35.5,3.6,36.5,9.125,43,0,156445
charleston-sc,"Charleston, SC",US,United States of America,north_america,311,35.5,0.3,37.5,9.375,38,0.34,150227
kuwait-city,Kuwait CIty,KW,Kuwait,asia,312,35.4,3.8,36.3,9.075,36,0.3839,2063000
pescara,Pescara,IT,Italy,europe,313,35.1,1.1,29.3,7.325,51,0.0268,118470
tartu,Tartu,EE,Estonia,europe,314,35.1,2.2,31.5,7.875,40,0,100685
wuppertal,Wuppertal,DE,Germany,europe,315,35.1,-1.9,40,10,37,0.4949,365655
calgary,Calgary,CA,Canada,north_america,316,35,0.3,31.8,7.95,51,0.2045,1019942
kocaeli,Kocaeli,TR,TÃ¼rkiye,europe,317,35,3.6,38.4,9.6,47,0.1664,2102807
vitoria-gasteiz,Vitoria-Gasteiz,ES,Spain,europe,318,34.9,0,25.5,6.375,49,0.0446,257986
monchengladbach,Monchengladbach,DE,Germany,europe,319,34.8,0.6,24.6,6.15,52,0,267213
seville,Sevilla,ES,Spain,europe,320,34.8,2.9,24.8,6.2,62,0.2206,687488
santa-cruz-de-tenerife,Santa Cruz de Tenerife,ES,Spain,europe,321,34.8,2.9,32.8,8.2,41,0.4294,211359
nice,Nice,FR,France,europe,322,34.8,-0.4,32.8,8.2,50,0.2915,342669
avignon,Avignon,FR,France,europe,323,34.8,1.1,34.9,8.725,48,0.1125,89769
charlotte-nc,"Charlotte, NC",US,United States of America,north_america,324,34.8,0.4,44.8,11.2,39,0.4492,874579
stuttgart,Stuttgart,DE,Germany,europe,325,34.7,0.8,24.7,6.175,58,0,606700
hamilton-nz,Hamilton,NZ,New Zealand,oceania,326,34.7,0.1,30.3,7.575,50,0,178500
funchal,Funchal,PT,Portugal,europe,327,34.7,4,33.6,8.4,54,0,100847
boise-id,"Boise, ID",US,United States of America,north_america,328,34.7,1,36.8,9.2,37,0.3075,235685
bruges,Bruges,BE,Belgium,europe,329,34.6,0.8,35.9,8.975,40,0,117577
tauranga,Tauranga,NZ,New Zealand,oceania,330,34.5,-0.2,38,9.5,40,0,155200
ipoh,Ipoh,MY,Malaysia,asia,331,34.4,-0.2,27,6.75,49,0,840000
leeds,Leeds,UK,United Kingdom,europe,332,34.4,-1.3,27.4,6.85,54,0.1767,536280
dijon,Dijon,FR,France,europe,333,34.4,0.9,28.9,7.225,54,0.0541,158002
brasilia,Brasilia,BR,Brazil,south_america,334,34.4,1.1,36,9,46,0.0401,2817381
orleans,Orleans,FR,France,europe,335,34.3,1.7,25.3,6.325,61,0,116269
malaga,MÃ¡laga,ES,Spain,europe,336,34.3,-0.5,28,7,50,0.3023,591637
coventry,Coventry,UK,United Kingdom,europe,337,34.3,1.3,28.2,7.05,55,0,344285
tours,Tours,FR,France,europe,338,34.3,0.2,29.5,7.375,58,0.2241,141621
rennes,Rennes,FR,France,europe,339,34.3,0.3,34.6,8.65,54,0,220488
gothenburg,Gothenburg,SE,Sweden,europe,340,34.1,5.3,32.4,8.1,56,0.354,572000
tampere,Tampere,FI,Finland,europe,341,34.1,4.4,33.1,8.275,38,0.1302,260358
ajman,Ajman,AE,United Arab Emirates,asia,342,34.1,1.5,36.1,9.025,36,0.2746,1274749
mcallen-tx,"McAllen, TX",US,United States of America,north_america,343,34.1,-0.7,40.4,10.1,32,0.2903,142210
las-vegas-nv,"Las Vegas, NV",US,United States of America,north_america,344,34.1,6.6,42.5,10.625,34,0.4742,641903
linz,Linz,AT,Austria,europe,345,34,0.9,35.6,8.9,44,0.3628,213557
livorno,Livorno,IT,Italy,europe,346,33.7,-1.4,31.2,7.8,43,0,152567
braga,Braga,PT,Portugal,europe,347,33.6,0.4,33.7,8.425,56,0,201583
canberra,Canberra,AU,Australia,oceania,348,33.6,1.4,36.1,9.025,44,0.1928,473900
anaheim-ca,"Anaheim, CA",US,United States of America,north_america,349,33.5,5.1,59.4,14.85,29,0.6935,346824
kiel,Kiel,DE,Germany,europe,350,33.4,-7,36.3,9.075,35,0.0697,250743
new-haven-ct,"New Haven, CT",US,United States of America,north_america,351,33.4,1.7,39.7,9.925,38,0.5293,134023
ventura-ca,"Ventura, CA",US,United States of America,north_america,352,33.4,3.3,57.4,14.35,23,0.6843,110763
dortmund,Dortmund,DE,Germany,europe,353,33.3,1.4,29,7.25,42,0.1335,602386
las-palmas,Las Palmas,ES,Spain,europe,354,33.3,0.1,30.2,7.55,44,0.1865,380436
oslo,Oslo,NO,Norway,europe,355,33.2,3.1,30.6,7.65,55,0.0597,724290
le-havre,Le Havre,FR,France,europe,356,33.1,0.3,27.4,6.85,51,0,185972
brescia,Brescia,IT,Italy,europe,357,33.1,0,38.5,9.625,40,0.1965,200715
lille,Lille,FR,France,europe,358,33,1,30.9,7.725,52,0.2552,1044000
maribor,Maribor,SI,Slovenia,europe,359,33,2.5,35.6,8.9,39,0.1082,97019
tilburg,Tilburg,NL,The Netherlands,europe,360,33,1.8,43.6,10.9,30,0.4387,205405
toulouse,Toulouse,FR,France,europe,361,32.8,0.9,40.1,10.025,52,0.5394,493465
sacramento-ca,"Sacramento, CA",US,United States of America,north_america,362,32.8,3.1,54.5,13.625,30,0.6873,524943
leuven,Leuven,BE,Belgium,europe,363,32.7,-0.7,38.8,9.7,43,0.4373,101032
hawalli,Hawalli,KW,Kuwait,asia,364,32.5,2.7,43.9,10.975,35,0.5061,164212
reims,Reims,FR,France,europe,365,32.4,1.9,32.8,8.2,45,0.2525,196565
allentown-pa,"Allentown, PA",US,United States of America,north_america,366,32.3,0.4,33,8.25,39,0.2526,125845
cagliari,Cagliari,IT,Italy,europe,367,32.2,-0.3,33.1,8.275,42,0,146450
karlsruhe,Karlsruhe,DE,Germany,europe,368,32.1,1.3,35.8,8.95,38,0,300643
duisburg,Duisburg,DE,Germany,europe,369,32.1,1.2,44.1,11.025,35,0.6364,503707
alicante,Alicante,ES,Spain,europe,370,32,2.7,26.8,6.7,43,0.117,358720
santander,Santander,ES,Spain,europe,371,32,-1.9,29.9,7.475,40,0.1871,174101
amersfoort,Amersfoort,NL,The Netherlands,europe,372,31.9,1.8,47.8,11.95,30,0.4748,147905
san-diego-ca,"San Diego, CA",US,United States of America,north_america,373,31.9,0.4,54.1,13.525,30,0.6182,1386932
wollongong,Wollongong,AU,Australia,oceania,374,31.8,1.9,42.4,10.6,32,0.4038,318258
edmonton,Edmonton,CA,Canada,north_america,375,31.5,1.4,31.5,7.875,47,0.0993,1010899
vigo,Vigo,ES,Spain,europe,376,31.4,1.4,27.3,6.825,44,0.1492,293977
granada,Granada,ES,Spain,europe,377,31.4,1,32.2,8.05,44,0.4878,232717
toulon,Toulon,FR,France,europe,378,31.4,-3,36.5,9.125,43,0.5253,168701
bloemfontein,Bloemfontein,ZA,South Africa,africa,379,31.3,-0.6,27.3,6.825,46,0,556000
new-orleans-la,"New Orleans, LA",US,United States of America,north_america,380,31.3,-4.8,33.3,8.325,43,0.4104,383997
malmo,Malmo,SE,Sweden,europe,381,31.2,0.7,24.6,6.15,55,0.1242,365644
reggio-emilia,Reggio nell'Emilia,IT,Italy,europe,382,31.2,0.1,40.8,10.2,39,0.2074,172886
middlesbrough,Middlesbrough,UK,United Kingdom,europe,383,31.2,1.8,44.8,11.2,32,0,148215
metz,Metz,FR,France,europe,384,31.1,1,35.5,8.875,42,0.2316,123914
liege,LiÃ¨ge,BE,Belgium,europe,385,31.1,-0.4,36.7,9.175,43,0.4419,197323
coimbra,Coimbra,PT,Portugal,europe,386,31,-0.1,34.3,8.575,46,0,106582
den-bosch,Den Bosch,NL,The Netherlands,europe,387,30.9,0.4,47,11.75,33,0.4482,113970
parma,Parma,IT,Italy,europe,388,30.8,-0.5,36.2,9.05,35,0,199193
pamplona,Pamplona,ES,Spain,europe,389,30.7,2.1,24.9,6.225,47,0.0368,207777
louisville-ky,"Louisville, KY",US,United States of America,north_america,390,30.7,1,52.7,13.175,25,0.5196,633045
anchorage-ak,"Anchorage, AK",US,United States of America,north_america,391,30.6,2.3,35,8.75,33,0.0129,291247
zwolle,Zwolle,NL,The Netherlands,europe,392,30.6,2.1,49.9,12.475,27,0.5545,133810
leiden,Leiden,NL,The Netherlands,europe,393,30.5,0.4,45.1,11.275,29,0.4187,130638
phoenix-az,"Phoenix, AZ",US,United States of America,north_america,394,30.5,1.3,64.4,16.1,27,0.724,1608139
modena,Modena,IT,Italy,europe,395,30.4,-0.9,33.8,8.45,39,0,184867
bochum,Bochum,DE,Germany,europe,396,30.4,-5.6,47.2,11.8,30,0.6704,357300
taranto,Taranto,IT,Italy,europe,397,30.2,1.5,37.2,9.3,36,0,185355
murcia,Murcia,ES,Spain,europe,398,30.1,0.3,32.7,8.175,43,0.4133,474617
kayseri,Kayseri,TR,TÃ¼rkiye,europe,399,29.9,-1,32.1,8.025,36,0,1452000
abu-dhabi,Abu Dhabi,AE,United Arab Emirates,asia,400,29.6,1,27.7,6.925,45,0.0359,1642000
zaragoza,Zaragoza,ES,Spain,europe,401,29.5,0.7,27.2,6.8,40,0.2202,686968
trondheim,Trondheim,NO,Norway,europe,402,29.4,3.5,32.5,8.125,41,0,216518
hamilton,Hamilton,CA,Canada,north_america,403,29.4,-4.1,32.6,8.15,39,0.2751,519949
kajang,Kajang,MY,Malaysia,asia,404,29.4,-2,49.4,12.35,35,0.7157,50000
a-coruna,A CoruÃ±a,ES,Spain,europe,405,29.3,0,29,7.25,43,0.0661,251481
cartagena,Cartagena,ES,Spain,europe,406,29,0.5,29,7.25,38,0.1568,219777
saint-etienne,Saint-Etienne,FR,France,europe,407,29,1.8,39,9.75,40,0.2122,176280
el-paso-tx,"El Paso, TX",US,United States of America,north_america,408,29,1.6,47.1,11.775,24,0.5519,678815
portland-me,"Portland, ME",US,United States of America,north_america,409,28.9,-2.8,37.8,9.45,29,0.3878,68408
bern,Bern,CH,Switzerland,europe,410,28.9,1,42.4,10.6,34,0.6017,146556
bergen,Bergen,NO,Norway,europe,411,28.8,4.9,35.1,8.775,39,0.0691,294029
dammam,Dammam,SA,Saudi Arabia,asia,412,28.8,-1,35.6,8.9,35,0.2993,1252523
helsingborg,Helsingborg,SE,Sweden,europe,413,28.4,1.4,33.8,8.45,33,0.1537,113816
gijon,GijÃ³n,ES,Spain,europe,414,28.3,-1,25.9,6.475,41,0.1151,268561
uppsala,Uppsala,SE,Sweden,europe,415,28.3,-0.6,29.9,7.475,43,0,247269
minneapolis-mn,"Minneapolis, MN",US,United States of America,north_america,416,28.3,1.8,47,11.75,31,0.6157,429954
tucson-az,"Tucson, AZ",US,United States of America,north_america,417,28.3,1.7,51,12.75,23,0.457,542629
fort-worth-tx,"Fort Worth, TX",US,United States of America,north_america,418,28.3,2.5,59.6,14.9,24,0.6525,923645
stavanger,Stavanger,NO,Norway,europe,419,28,2.6,36.1,9.025,35,0.3017,121610
waterloo,Waterloo,CA,Canada,north_america,420,27.9,-0.9,32.5,8.125,35,0.2013,104986
padua,Padua,IT,Italy,europe,421,27.9,1,43.8,10.95,34,0.2177,207937
orlando-fl,"Orlando, FL",US,United States of America,north_america,422,27.9,0.2,54.7,13.675,23,0.6252,307573
valladolid,Valladolid,ES,Spain,europe,423,27.8,0.1,26.6,6.65,39,0.1068,300618
angers,Angers,FR,France,europe,424,27.6,0.1,35.7,8.925,38,0.2558,168279
faro,Faro,PT,Portugal,europe,425,27.5,0.6,37.5,9.375,36,0,67566
darwin,Darwin,AU,Australia,oceania,426,27.5,-0.3,39.9,9.975,30,0,152500
kortrijk,Kortrijk,BE,Belgium,europe,427,27.3,-1.6,45.2,11.3,28,0.4504,81000
jeddah,Jeddah,SA,Saudi Arabia,asia,428,27.2,1.9,40,10,34,0.0981,3012000
groningen,Groningen,NL,The Netherlands,europe,429,27.2,-8,44.8,11.2,23,0.0274,211700
milwaukee-wi,"Milwaukee, WI",US,United States of America,north_america,430,26.8,-0.2,45.4,11.35,29,0.539,577222
oviedo,Oviedo,ES,Spain,europe,431,26.5,0,32.9,8.225,32,0.3855,220543
colorado-springs-co,"Colorado Springs, CO",US,United States of America,north_america,432,26.5,0.9,50.2,12.55,21,0.4605,478961
kitchener,Kitchener,CA,Canada,north_america,433,26.4,-0.7,37.4,9.35,28,0.3797,256885
jacksonville-fl,"Jacksonville, FL",US,United States of America,north_america,434,26.3,0.5,55.9,13.975,25,0.5829,949611
indianapolis-in,"Indianapolis, IN",US,United States of America,north_america,435,26.1,3.5,46.6,11.65,32,0.6112,887642
virginia-beach-va,"Virginia Beach, VA",US,United States of America,north_america,436,26.1,7.1,50.2,12.55,19,0.4247,459470
greensboro-nc,"Greensboro, NC",US,United States of America,north_america,437,26,1.2,45.5,11.375,22,0.3663,299035
port-said,Port Said,EG,Egypt,africa,438,25.7,0.6,20.8,5.2,44,0.019,803566
raleigh-nc,"Raleigh, NC",US,United States of America,north_america,439,25.7,-0.6,54,13.5,23,0.5145,467665
albuquerque-nm,"Albuquerque, NM",US,United States of America,north_america,440,25.6,0.8,57.5,14.375,23,0.6251,564559
columbus-oh,"Columbus, OH",US,United States of America,north_america,441,25.5,2.2,50.7,12.675,25,0.5937,905748
san-sebastian,San SebastiÃ¡n,ES,Spain,europe,442,25.4,-1.1,35.9,8.975,28,0.3904,189093
saint-louis-mo,"Saint Louis, MO",US,United States of America,north_america,443,25.3,2.1,49.1,12.275,24,0.6247,301578
bakersfield-ca,"Bakersfield, CA",US,United States of America,north_america,444,25,0.9,59.6,14.9,17,0.5666,403455
thousand-oaks-ca,"Thousand Oaks, CA",US,United States of America,north_america,445,24.7,1.4,68.5,17.125,16,0.7464,126966
detroit-mi,"Detroit, MI",US,United States of America,north_america,446,24.5,0.9,51.4,12.85,22,0.5896,639111
charleroi,Charleroi,BE,Belgium,europe,447,24.2,0,43.5,10.875,26,0.4957,200132
birmingham-al,"Birmingham, AL",US,United States of America,north_america,448,24.2,0.8,52.2,13.05,25,0.5683,200733
taif,Taif,SA,Saudi Arabia,asia,449,24,-1.1,32.8,8.2,25,0,688693
ras-al-khaimah,Ras Al Khaimah,AE,United Arab Emirates,asia,450,24,1.7,35.2,8.8,26,0,351943
syracuse-ny,"Syracuse, NY",US,United States of America,north_america,451,23.9,2.5,42,10.5,24,0.5047,148620
cadiz,CÃ¡diz,ES,Spain,europe,452,23.8,1.4,34.2,8.55,28,0.4178,116027
lens,Lens,FR,France,europe,453,23.8,0.2,46.2,11.55,27,0.567,38265
cincinnati-oh,"Cincinnati, OH",US,United States of America,north_america,454,23.8,0.1,51,12.75,23,0.5815,309317
richmond-va,"Richmond, VA",US,United States of America,north_america,455,23.6,6.5,48.5,12.125,26,0.6271,226610
san-antonio-tx,"San Antonio, TX",US,United States of America,north_america,456,23.5,1.2,59.7,14.925,23,0.6891,1434625
fujairah,Fujairah,AE,United Arab Emirates,asia,457,23.2,1.8,36.6,9.15,23,0,318325
cordoba,CÃ³rdoba,ES,Spain,europe,458,23.1,0.5,34,8.5,29,0.3049,322811
mons,Mons,BE,Belgium,europe,459,23.1,1.9,52.2,13.05,23,0.4262,29238
high-point-nc,"High Point, NC",US,United States of America,north_america,460,22.7,-0.3,55.8,13.95,16,0.3511,114059
knoxville-tn,"Knoxville, TN",US,United States of America,north_america,461,22.5,1.1,56.1,14.025,20,0.6115,190740
madinah,Madinah,SA,Saudi Arabia,asia,462,22.4,-1.1,40.3,10.075,20,0.3718,1300000
rochester-ny,"Rochester, NY",US,United States of America,north_america,463,22.4,-2.6,43.7,10.925,20,0.4913,211238
salto,Salto,UY,Uruguay,south_america,464,22.3,2.8,26.2,6.55,33,0,114084
bilbao,Bilbao,ES,Spain,europe,465,22.3,-0.3,32,8,28,0.3273,348089
salt-lake-city-ut,"Salt Lake City, UT",US,United States of America,north_america,466,21.8,1.4,65.2,16.3,19,0.6763,199723
al-ain,Al Ain,AE,United Arab Emirates,asia,467,21.7,0,31.7,7.925,26,0,846747
cleveland-oh,"Cleveland, OH",US,United States of America,north_america,468,21.2,0.8,51.6,12.9,19,0.5956,372624
grand-rapids-mi,"Grand Rapids, MI",US,United States of America,north_america,469,21,0.7,56.3,14.075,19,0.618,198917
mecca,Mecca,SA,Saudi Arabia,asia,470,20.7,0,35.3,8.825,21,0.2787,1578722
mesa-az,"Mesa, AZ",US,United States of America,north_america,471,20.7,0,68.2,17.05,14,0.6483,504258
fresno-ca,"Fresno, CA",US,United States of America,north_america,472,20.6,0.2,68,17,15,0.7034,542017
winston-salem-nc,"Winston-Salem, NC",US,United States of America,north_america,473,20,0.5,57.7,14.425,17,0.686,249545
buraydah,Buraydah,SA,Saudi Arabia,asia,474,19.7,0.3,38.3,9.575,18,0.267,745353
buffalo-ny,"Buffalo, NY",US,United States of America,north_america,475,19.7,-1.5,42.8,10.7,21,0.4641,278349
kansas-city-mo,"Kansas City, MO",US,United States of America,north_america,476,19.6,0.7,53.1,13.275,17,0.6069,508090
khor-fakkan,Khor Fakkan,AE,United Arab Emirates,asia,477,19.4,2,40.3,10.075,17,0,53000
memphis-tn,"Memphis, TN",US,United States of America,north_america,478,19.4,-0.2,54.1,13.525,15,0.491,633104
almere,Almere,NL,The Netherlands,europe,479,18.9,0.8,54,13.5,14,0.4701,229574
sabah-al-salem,Sabah Al Salem,KW,Kuwait,asia,480,18.9,0.4,55.3,13.825,17,0.5312,7916
al-ahsa,Al Ahsa,SA,Saudi Arabia,asia,481,18.6,-1.2,43,10.75,17,0,12013
oklahoma-city-ok,"Oklahoma City, OK",US,United States of America,north_america,482,18.2,0.6,66.7,16.675,16,0.7435,681054
des-moines-ia,"Des Moines, IA",US,United States of America,north_america,483,17.9,0.7,50.9,12.725,14,0.4729,214133
espoo,Espoo,FI,Finland,europe,484,17.6,3.5,58.4,14.6,13,0.4098,320931
al-baha,Al Baha,SA,Saudi Arabia,asia,485,16.9,1.1,50.3,12.575,13,0,88419
little-rock-ar,"Little Rock, AR",US,United States of America,north_america,486,16.5,0.4,64.6,16.15,15,0.6757,202591
dayton-oh,"Dayton, OH",US,United States of America,north_america,487,16.4,-0.2,57.5,14.375,13,0.5798,137644
akron-oh,"Akron, OH",US,United States of America,north_america,488,16,-1.5,58.9,14.725,12,0.6613,190469
omaha-ne,"Omaha, NE",US,United States of America,north_america,489,14,0,65.5,16.375,11,0.6318,486051
tulsa-ok,"Tulsa, OK",US,United States of America,north_america,490,13.6,0.4,67.2,16.8,10,0.7315,413066
wichita-ks,"Wichita, KS",US,United States of America,north_america,491,13.6,0.1,66.5,16.625,10,0.7124,397532
council-bluffs-ia,"Council Bluffs, IA",US,United States of America,north_america,492,13.3,0,66.4,16.6,10,0.6144,62799
